title,description
BIG DATA ENGINEER,"W2 Contract // W2 CONTRACT // W2 CONTRACT // W2 CONTRACT // W2 CONTRACT//
Hi everyoneWe have an urgent requirement with the client if you are available in the market pls check the job description below
Role - BIG DATA EngineerLocation - Phoenix, ArizonaExperience - 9+ years
all visas acceptable
Must have: python, spark9+Experience in the design and development of large-scale big-data engineering applications,2+ years of Python development experienceSpark experience5+ years implementing batch and real-time Data integration frameworks and/or applications,Proficient with DevOps, Continuous Integration, and Continuous Delivery (Jenkins, Stash).Experience and comfort executing projects in Agile environments (Kanban and Scrum)

If you are interested, let me know; it is a W2 contract position.
For immediate response sureshp@vmcsofttech.com
Thanks and Regards,US IT RecruiterSuresh. P. V.480-407-6916"
Treasury Analyst,"About The Company

Our client is a multi-strategy investment manager using relative value credit, equity volatility, and systematic equity strategies. The Treasury Analyst will be responsible for focusing on all aspects of treasury reporting, including efficient funding optimization, cash management, and currency exposure.

Responsibilities

Assist and oversee the external fund administrator in the daily variation margin processDaily analysis of business activity from prime brokerage, custodian, and operating accountsProduce and maintain prime broker funding calculations and allocate them to internal strategiesResponsible for cash movements for OTC settlements, margin calls, and cash managementMonitor currency exposures at fund and strategy levelsWork with fund administrator to identify and resolve cash breaksIdentify and help resolve margin and funding inefficiencies

Requirements

Bachelor’s degree in finance required3-5 years of treasury experience at a hedge fundExperience with Repo, OTC, and FCM marginExperience with shadow general ledger a plus

Salary Range

$90,000-$140,000

"
Store Manager - Spirit,"Job Description

Brand: Spirit Halloween

The Store Manager oversees and is accountable for the total operation of a store ensuring maximum sales and profitability by establishing and maintaining Guest Services and, controlling expenses. The Store Manager is responsible for shrink, merchandising, inventory control, staffing, setup, pack-up and teardown of a seasonal store. The minimum age requirement is 21 and must have a flexible schedule. The physical demands of the job require 8+ hours of standing/walking, climbing ladders, setting up fixtures and lifting/moving up to 50 pounds. Prior retail management experience is required."
Scheduling Coordinator,"Company DescriptionHudson Court Reporting is a leading court reporting service provider based in Woodbridge, NJ. Since 1998, we have been delivering expert court reporting services to top law firms nationwide. Our team of certified court reporters and experienced videographers cover hearings, witness testimony, and depositions in various locations, including international destinations. We take pride in providing personal attention, 24-hour access, and exceptional support for additional services.
Role DescriptionThis is a full-time on-site role for a Scheduling Coordinator at Hudson Court Reporting. As a Scheduling Coordinator, you will be responsible for managing the day-to-day scheduling of court reporters and videographers. This includes coordinating appointments, maintaining communication with clients and reporters, and providing administrative assistance. The role requires strong interpersonal skills, effective phone etiquette, and proficiency in appointment scheduling.Training on process and software is provided.
QualificationsStrong interpersonal skills and ability to communicate effectivelyExcellent phone etiquetteExperience in appointment scheduling is a plusProficient in administrative assistance tasksDetail-oriented with time management skillsFamiliarity with court reporting procedures is a plus
SalaryHourly pay rate commensurate with experience."
Project Accountant,"Our client is looking for a project accountant that can commute to Fairfax, VA.
 The ideal candidate will be involved with preparing financial reports and statements, bank reconciliations, and conducting cyclical audits. Moreover, the candidate must have strong interpersonal skills and possess a strong business acumen.  ResponsibilitiesReporting to the Accounting Supervisor or other project managers as required.Reviewing budgets, including staffing, work plans, and fee structures.Providing project managers and clients with timely financial reports and budgets, as well as project forecasts.Preparing pre-billing reports for project managers to review.Preparing actual costs, working capital, and tax reports.Monitoring receivable income and supporting project managers with collections.Issuing invoices and purchase orders, as well as paying consultant, subcontractor, vendor, and supplier bills.Ensuring a steady cash flow by generating, auditing, and sending invoices in a timely manner.Updating contracts according to client requirements and reporting associated budget amendments.
Qualifications
Bachelor's degree in Accounting or related fieldAbility to interpret and analyze financial statements and periodicalsFluency in Microsoft Office suite (Outlook, Excel, Word, PowerPoint, etc.)"
